seriesuid,slice
1.3.6.1.4.1.14519.5.2.1.6279.6001.104562737760173137525888934217,104
1.3.6.1.4.1.14519.5.2.1.6279.6001.106719103982792863757268101375,186
1.3.6.1.4.1.14519.5.2.1.6279.6001.108231420525711026834210228428,162
